show,season,episode,title,description
The Office (US),1,1,Pilot,
The Office (US),1,2,Diversity Day,
The Office (US),1,3,Health Care,
The Office (US),1,4,The Alliance,
The Office (US),1,5,Basketball,
The Office (US),1,6,Hot Girl,
The Office (US),2,1,The Dundies,
The Office (US),2,2,Sexual Harassment,
The Office (US),2,3,Office Olympics,
The Office (US),2,4,The Fire,
The Office (US),2,5,Halloween,
The Office (US),2,6,The Fight,
The Office (US),2,7,The Client,
The Office (US),2,8,Performance Review,
The Office (US),2,9,E-Mail Surveillance,
The Office (US),2,10,Christmas Party,
The Office (US),2,11,Booze Cruise,
The Office (US),2,12,The Injury,
The Office (US),2,13,The Secret,
The Office (US),2,14,The Carpet,
The Office (US),2,15,Boys and Girls,
The Office (US),2,16,Valentine's Day,
The Office (US),2,17,Dwight's Speech,
The Office (US),2,18,Take Your Daughter to Work Day,
The Office (US),2,19,Michael's Birthday,
The Office (US),2,20,Drug Testing,
The Office (US),2,21,Conflict Resolution,
The Office (US),2,22,Casino Night,
The Office (US),3,1,Gay Witch Hunt,
The Office (US),3,2,The Convention,
The Office (US),3,3,The Coup,
The Office (US),3,4,Grief Counseling,
The Office (US),3,5,Initiation,
The Office (US),3,6,Diwali,
The Office (US),3,7,Branch Closing,
The Office (US),3,8,The Merger,
The Office (US),3,9,The Convict,
The Office (US),3,10,A Benihana Christmas (1),
The Office (US),3,11,A Benihana Christmas (2),
The Office (US),3,12,Back from Vacation,
The Office (US),3,13,Traveling Salesmen,
The Office (US),3,14,The Return,
The Office (US),3,15,Ben Franklin,
The Office (US),3,16,Phyllis' Wedding,
The Office (US),3,17,Business School,
The Office (US),3,18,Cocktails,
The Office (US),3,19,The Negotiation,
The Office (US),3,20,Safety Training,
The Office (US),3,21,Product Recall,
The Office (US),3,22,Women's Appreciation,
The Office (US),3,23,Beach Games,
The Office (US),3,24,The Job (1),
The Office (US),3,25,The Job (2),
The Office (US),4,1,Fun Run (1),
The Office (US),4,2,Fun Run (2),
The Office (US),4,3,Dunder Mifflin Infinity (1),
The Office (US),4,4,Dunder Mifflin Infinity (2),
The Office (US),4,5,Launch Party (1),
The Office (US),4,6,Launch Party (2),
The Office (US),4,7,Money (1),
The Office (US),4,8,Money (2),
The Office (US),4,9,Local Ad,
The Office (US),4,10,Branch Wars,
The Office (US),4,11,Survivor Man,
The Office (US),4,12,The Deposition,
The Office (US),4,13,Dinner Party,
The Office (US),4,14,Chair Model,
The Office (US),4,15,Night Out,
The Office (US),4,16,Did I Stutter?,
The Office (US),4,17,Job Fair,
The Office (US),4,18,Goodbye, Toby (1),
The Office (US),4,19,Goodbye, Toby (2),
The Office (US),5,1,Weight Loss (1),
The Office (US),5,2,Weight Loss (2),
The Office (US),5,3,Business Ethics,
The Office (US),5,4,Baby Shower,
The Office (US),5,5,Crime Aid,
The Office (US),5,6,Employee Transfer,
The Office (US),5,7,Customer Survey,
The Office (US),5,8,Business Trip,
The Office (US),5,9,Frame Toby,
The Office (US),5,10,The Surplus,
The Office (US),5,11,Moroccan Christmas,
The Office (US),5,12,The Duel,
The Office (US),5,13,Prince Family Paper,
The Office (US),5,14,Stress Relief (1),
The Office (US),5,15,Stress Relief (2),
The Office (US),5,16,Lecture Circuit (1),
The Office (US),5,17,Lecture Circuit (2),
The Office (US),5,18,Blood Drive,
The Office (US),5,19,Golden Ticket,
The Office (US),5,20,New Boss,
The Office (US),5,21,Two Weeks,
The Office (US),5,22,Dream Team,
The Office (US),5,23,The Michael Scott Paper Company,
The Office (US),5,24,Heavy Competition,
The Office (US),5,25,Broke,
The Office (US),5,26,Casual Friday,
The Office (US),5,27,Cafe Disco,
The Office (US),5,28,Company Picnic,
The Office (US),6,1,Gossip,
The Office (US),6,2,The Meeting,
The Office (US),6,3,The Promotion,
The Office (US),6,4,Niagara (1),
The Office (US),6,5,Niagara (2),
The Office (US),6,6,Mafia,
The Office (US),6,7,The Lover,
The Office (US),6,8,Koi Pond,
The Office (US),6,9,Double Date,
The Office (US),6,10,Murder,
The Office (US),6,11,Shareholder Meeting,
The Office (US),6,12,Scott's Tots,
The Office (US),6,13,Secret Santa,
The Office (US),6,14,The Banker,
The Office (US),6,15,Sabre,
The Office (US),6,16,The Manager and the Salesman,
The Office (US),6,17,The Delivery (1),
The Office (US),6,18,The Delivery (2),
The Office (US),6,19,St. Patrick's Day,
The Office (US),6,20,New Leads,
The Office (US),6,21,Happy Hour,
The Office (US),6,22,Secretary's Day,
The Office (US),6,23,Body Language,
The Office (US),6,24,The Cover-Up,
The Office (US),6,25,The Chump,
The Office (US),6,26,Whistleblower,
The Office (US),7,1,Nepotism,
The Office (US),7,2,Counseling,
The Office (US),7,3,Andy's Play,
The Office (US),7,4,Sex Ed,
The Office (US),7,5,The Sting,
The Office (US),7,6,Costume Contest,
The Office (US),7,7,Christening,
The Office (US),7,8,Viewing Party,
The Office (US),7,9,WUPHF.com,
The Office (US),7,10,China,
The Office (US),7,11,Classy Christmas (1),
The Office (US),7,12,Classy Christmas (2),
The Office (US),7,13,Ultimatum,
The Office (US),7,14,The Seminar,
The Office (US),7,15,The Search,
The Office (US),7,16,PDA,
The Office (US),7,17,Threat Level Midnight,
The Office (US),7,18,Todd Packer,
The Office (US),7,19,Garage Sale,
The Office (US),7,20,Training Day,
The Office (US),7,21,Michael's Last Dundies,
The Office (US),7,22,Goodbye, Michael (1),
The Office (US),7,23,Goodbye, Michael (2),
The Office (US),7,24,The Inner Circle,
The Office (US),7,25,"Dwight K. Schrute, (Acting) Manager",
The Office (US),7,26,Search Committee,
The Office (US),8,1,The List,
The Office (US),8,2,The Incentive,
The Office (US),8,3,Lotto,
The Office (US),8,4,Garden Party,
The Office (US),8,5,Spooked,
The Office (US),8,6,Doomsday,
The Office (US),8,7,Pam's Replacement,
The Office (US),8,8,Gettysburg,
The Office (US),8,9,Mrs. California,
The Office (US),8,10,Christmas Wishes,
The Office (US),8,11,Trivia,
The Office (US),8,12,Pool Party,
The Office (US),8,13,Jury Duty,
The Office (US),8,14,Special Project,
The Office (US),8,15,Tallahassee,
The Office (US),8,16,After Hours,
The Office (US),8,17,Test the Store,
The Office (US),8,18,Last Day in Florida,
The Office (US),8,19,Get the Girl,
The Office (US),8,20,Welcome Party,
The Office (US),8,21,Angry Andy,
The Office (US),8,22,Fundraiser,
The Office (US),8,23,Turf War,
The Office (US),8,24,Free Family Portrait Studio,
The Office (US),9,1,The New Guys,
The Office (US),9,2,Roy's Wedding,
The Office (US),9,3,Andy's Ancestry,
The Office (US),9,4,Work Bus,
The Office (US),9,5,Here Comes Treble,
The Office (US),9,6,The Boat,
The Office (US),9,7,The Whale,
The Office (US),9,8,The Target,
The Office (US),9,9,Dwight Christmas,
The Office (US),9,10,Lice,
The Office (US),9,11,Suit Warehouse,
The Office (US),9,12,Customer Loyalty,
The Office (US),9,13,Junior Salesman,
The Office (US),9,14,Vandalism,
The Office (US),9,15,Couples Discount,
The Office (US),9,16,Moving On,
The Office (US),9,17,The Farm,
The Office (US),9,18,Promos,
The Office (US),9,19,Stairmageddon,
The Office (US),9,20,Paper Airplane,
The Office (US),9,21,Livin' the Dream,
The Office (US),9,22,A.A.R.M. (1),
The Office (US),9,23,A.A.R.M. (2),
The Office (US),9,24,Finale (1),
The Office (US),9,25,Finale (2),
